{
    "utterances": [
        {
            "text": "Attack",
            "entities": [],
            "traits": [],
            "intent": "Shoot"
        },
        {
            "text": "Block with the shield",
            "entities": [],
            "traits": [],
            "intent": "Shield"
        },
        {
            "text": "Brace up",
            "entities": [],
            "traits": [],
            "intent": "Shield"
        },
        {
            "text": "Capture",
            "entities": [],
            "traits": [],
            "intent": "Disarm"
        },
        {
            "text": "Charge",
            "entities": [],
            "traits": [],
            "intent": "Load"
        },
        {
            "text": "Cover",
            "entities": [],
            "traits": [],
            "intent": "Shield"
        },
        {
            "text": "D's arm",
            "entities": [],
            "traits": [],
            "intent": "Disarm"
        },
        {
            "text": "Dash",
            "entities": [],
            "traits": [],
            "intent": "Dodge"
        },
        {
            "text": "Datch",
            "entities": [],
            "traits": [],
            "intent": "Dodge"
        },
        {
            "text": "Defend",
            "entities": [],
            "traits": [],
            "intent": "Shield"
        },
        {
            "text": "Deflect",
            "entities": [],
            "traits": [],
            "intent": "Shield"
        },
        {
            "text": "Des arm",
            "entities": [],
            "traits": [],
            "intent": "Disarm"
        },
        {
            "text": "Desarm",
            "entities": [],
            "traits": [],
            "intent": "Disarm"
        },
        {
            "text": "Desire",
            "entities": [],
            "traits": [],
            "intent": "Disarm"
        },
        {
            "text": "Dez arm",
            "entities": [],
            "traits": [],
            "intent": "Disarm"
        },
        {
            "text": "Dis are",
            "entities": [],
            "traits": [],
            "intent": "Disarm"
        },
        {
            "text": "Dis arm",
            "entities": [],
            "traits": [],
            "intent": "Disarm"
        },
        {
            "text": "Dis on",
            "entities": [],
            "traits": [],
            "intent": "Disarm"
        },
        {
            "text": "Disarm",
            "entities": [],
            "traits": [],
            "intent": "Disarm"
        },
        {
            "text": "Disarm the opponent",
            "entities": [],
            "traits": [],
            "intent": "Disarm"
        },
        {
            "text": "Disengage them",
            "entities": [],
            "traits": [],
            "intent": "Disarm"
        },
        {
            "text": "Dish arm",
            "entities": [],
            "traits": [],
            "intent": "Disarm"
        },
        {
            "text": "Disharm",
            "entities": [],
            "traits": [],
            "intent": "Disarm"
        },
        {
            "text": "Dism",
            "entities": [],
            "traits": [],
            "intent": "Disarm"
        },
        {
            "text": "Diss arm",
            "entities": [],
            "traits": [],
            "intent": "Disarm"
        },
        {
            "text": "Ditch",
            "entities": [],
            "traits": [],
            "intent": "Dodge"
        },
        {
            "text": "Diz are",
            "entities": [],
            "traits": [],
            "intent": "Disarm"
        },
        {
            "text": "Dizarm",
            "entities": [],
            "traits": [],
            "intent": "Disarm"
        },
        {
            "text": "Do it",
            "entities": [],
            "traits": [],
            "intent": "Dodge"
        },
        {
            "text": "Dodge",
            "entities": [],
            "traits": [],
            "intent": "Dodge"
        },
        {
            "text": "Dodge it",
            "entities": [],
            "traits": [],
            "intent": "Dodge"
        },
        {
            "text": "Dodge the attack",
            "entities": [],
            "traits": [],
            "intent": "Dodge"
        },
        {
            "text": "Dodged",
            "entities": [],
            "traits": [],
            "intent": "Dodge"
        },
        {
            "text": "Dodger",
            "entities": [],
            "traits": [],
            "intent": "Dodge"
        },
        {
            "text": "Does harm",
            "entities": [],
            "traits": [],
            "intent": "Disarm"
        },
        {
            "text": "Dog",
            "entities": [],
            "traits": [],
            "intent": "Dodge"
        },
        {
            "text": "Dog it",
            "entities": [],
            "traits": [],
            "intent": "Dodge"
        },
        {
            "text": "Doge",
            "entities": [],
            "traits": [],
            "intent": "Dodge"
        },
        {
            "text": "Doj",
            "entities": [],
            "traits": [],
            "intent": "Dodge"
        },
        {
            "text": "Dorg",
            "entities": [],
            "traits": [],
            "intent": "Dodge"
        },
        {
            "text": "Dosh",
            "entities": [],
            "traits": [],
            "intent": "Dodge"
        },
        {
            "text": "Dot",
            "entities": [],
            "traits": [],
            "intent": "Dodge"
        },
        {
            "text": "Dotch",
            "entities": [],
            "traits": [],
            "intent": "Dodge"
        },
        {
            "text": "Duck",
            "entities": [],
            "traits": [],
            "intent": "Dodge"
        },
        {
            "text": "Dug",
            "entities": [],
            "traits": [],
            "intent": "Dodge"
        },
        {
            "text": "Dutch",
            "entities": [],
            "traits": [],
            "intent": "Dodge"
        },
        {
            "text": "Engage",
            "entities": [],
            "traits": [],
            "intent": "Shoot"
        },
        {
            "text": "Evade",
            "entities": [],
            "traits": [],
            "intent": "Dodge"
        },
        {
            "text": "Fill the chamber",
            "entities": [],
            "traits": [],
            "intent": "Load"
        },
        {
            "text": "Fire",
            "entities": [],
            "traits": [],
            "intent": "Shoot"
        },
        {
            "text": "Fire!",
            "entities": [],
            "traits": [],
            "intent": "Shoot"
        },
        {
            "text": "Get out",
            "entities": [],
            "traits": [],
            "intent": "Dodge"
        },
        {
            "text": "Guard",
            "entities": [],
            "traits": [],
            "intent": "Shield"
        },
        {
            "text": "Hit it",
            "entities": [],
            "traits": [],
            "intent": "Shoot"
        },
        {
            "text": "Hold ground",
            "entities": [],
            "traits": [],
            "intent": "Shield"
        },
        {
            "text": "Kill",
            "entities": [],
            "traits": [],
            "intent": "Shoot"
        },
        {
            "text": "Leap aside",
            "entities": [],
            "traits": [],
            "intent": "Dodge"
        },
        {
            "text": "Lo'd",
            "entities": [],
            "traits": [],
            "intent": "Load"
        },
        {
            "text": "Load",
            "entities": [],
            "traits": [],
            "intent": "Load"
        },
        {
            "text": "Load the gun",
            "entities": [],
            "traits": [],
            "intent": "Load"
        },
        {
            "text": "Load up",
            "entities": [],
            "traits": [],
            "intent": "Load"
        },
        {
            "text": "Lode",
            "entities": [],
            "traits": [],
            "intent": "Load"
        },
        {
            "text": "Lode up",
            "entities": [],
            "traits": [],
            "intent": "Load"
        },
        {
            "text": "Lord",
            "entities": [],
            "traits": [],
            "intent": "Load"
        },
        {
            "text": "Loud",
            "entities": [],
            "traits": [],
            "intent": "Load"
        },
        {
            "text": "Low",
            "entities": [],
            "traits": [],
            "intent": "Load"
        },
        {
            "text": "Lowed",
            "entities": [],
            "traits": [],
            "intent": "Load"
        },
        {
            "text": "Lowered",
            "entities": [],
            "traits": [],
            "intent": "Load"
        },
        {
            "text": "Move away",
            "entities": [],
            "traits": [],
            "intent": "Dodge"
        },
        {
            "text": "Neutralize",
            "entities": [],
            "traits": [],
            "intent": "Disarm"
        },
        {
            "text": "Pack ammo",
            "entities": [],
            "traits": [],
            "intent": "Load"
        },
        {
            "text": "Prepare",
            "entities": [],
            "traits": [],
            "intent": "Load"
        },
        {
            "text": "Protect yourself",
            "entities": [],
            "traits": [],
            "intent": "Shield"
        },
        {
            "text": "Pull the trigger",
            "entities": [],
            "traits": [],
            "intent": "Shoot"
        },
        {
            "text": "Raise the shield",
            "entities": [],
            "traits": [],
            "intent": "Shield"
        },
        {
            "text": "Rearm",
            "entities": [],
            "traits": [],
            "intent": "Load"
        },
        {
            "text": "Reload",
            "entities": [],
            "traits": [],
            "intent": "Load"
        },
        {
            "text": "Reload now",
            "entities": [],
            "traits": [],
            "intent": "Load"
        },
        {
            "text": "Reload the weapon",
            "entities": [],
            "traits": [],
            "intent": "Load"
        },
        {
            "text": "Remove the weapon",
            "entities": [],
            "traits": [],
            "intent": "Disarm"
        },
        {
            "text": "Seize",
            "entities": [],
            "traits": [],
            "intent": "Disarm"
        },
        {
            "text": "Shady old",
            "entities": [],
            "traits": [],
            "intent": "Shield"
        },
        {
            "text": "Shal",
            "entities": [],
            "traits": [],
            "intent": "Shield"
        },
        {
            "text": "Shale",
            "entities": [],
            "traits": [],
            "intent": "Shield"
        },
        {
            "text": "Shat",
            "entities": [],
            "traits": [],
            "intent": "Shoot"
        },
        {
            "text": "She'll",
            "entities": [],
            "traits": [],
            "intent": "Shield"
        },
        {
            "text": "She'll do",
            "entities": [],
            "traits": [],
            "intent": "Shield"
        },
        {
            "text": "She'll shield",
            "entities": [],
            "traits": [],
            "intent": "Shield"
        },
        {
            "text": "Sheld",
            "entities": [],
            "traits": [],
            "intent": "Shield"
        },
        {
            "text": "Shiel",
            "entities": [],
            "traits": [],
            "intent": "Shield"
        },
        {
            "text": "Shield",
            "entities": [],
            "traits": [],
            "intent": "Shield"
        },
        {
            "text": "Shielded",
            "entities": [],
            "traits": [],
            "intent": "Shield"
        },
        {
            "text": "Shift",
            "entities": [],
            "traits": [],
            "intent": "Dodge"
        },
        {
            "text": "Shild",
            "entities": [],
            "traits": [],
            "intent": "Shield"
        },
        {
            "text": "Shilder",
            "entities": [],
            "traits": [],
            "intent": "Shield"
        },
        {
            "text": "Shoe",
            "entities": [],
            "traits": [],
            "intent": "Shoot"
        },
        {
            "text": "Shoed",
            "entities": [],
            "traits": [],
            "intent": "Shoot"
        },
        {
            "text": "Shoes",
            "entities": [],
            "traits": [],
            "intent": "Shoot"
        },
        {
            "text": "Shook",
            "entities": [],
            "traits": [],
            "intent": "Shoot"
        },
        {
            "text": "Shoot",
            "entities": [],
            "traits": [],
            "intent": "Shoot"
        },
        {
            "text": "Shoot it",
            "entities": [],
            "traits": [],
            "intent": "Shoot"
        },
        {
            "text": "Shoot the target",
            "entities": [],
            "traits": [],
            "intent": "Shoot"
        },
        {
            "text": "Should",
            "entities": [],
            "traits": [],
            "intent": "Shoot"
        },
        {
            "text": "Shout",
            "entities": [],
            "traits": [],
            "intent": "Shoot"
        },
        {
            "text": "Shue",
            "entities": [],
            "traits": [],
            "intent": "Shoot"
        },
        {
            "text": "Shut",
            "entities": [],
            "traits": [],
            "intent": "Shoot"
        },
        {
            "text": "Shut up",
            "entities": [],
            "traits": [],
            "intent": "Shoot"
        },
        {
            "text": "Shute",
            "entities": [],
            "traits": [],
            "intent": "Shoot"
        },
        {
            "text": "Shy old",
            "entities": [],
            "traits": [],
            "intent": "Shield"
        },
        {
            "text": "Sidestep",
            "entities": [],
            "traits": [],
            "intent": "Dodge"
        },
        {
            "text": "Stock up",
            "entities": [],
            "traits": [],
            "intent": "Load"
        },
        {
            "text": "Strip",
            "entities": [],
            "traits": [],
            "intent": "Disarm"
        },
        {
            "text": "Suit",
            "entities": [],
            "traits": [],
            "intent": "Shoot"
        },
        {
            "text": "Take aim",
            "entities": [],
            "traits": [],
            "intent": "Shoot"
        },
        {
            "text": "Take control",
            "entities": [],
            "traits": [],
            "intent": "Disarm"
        },
        {
            "text": "Take the shot",
            "entities": [],
            "traits": [],
            "intent": "Shoot"
        },
        {
            "text": "Take their weapon",
            "entities": [],
            "traits": [],
            "intent": "Disarm"
        },
        {
            "text": "This alarm",
            "entities": [],
            "traits": [],
            "intent": "Disarm"
        },
        {
            "text": "This arm",
            "entities": [],
            "traits": [],
            "intent": "Disarm"
        },
        {
            "text": "This arm down",
            "entities": [],
            "traits": [],
            "intent": "Disarm"
        },
        {
            "text": "This arm off",
            "entities": [],
            "traits": [],
            "intent": "Disarm"
        },
        {
            "text": "This arms",
            "entities": [],
            "traits": [],
            "intent": "Disarm"
        },
        {
            "text": "This charm",
            "entities": [],
            "traits": [],
            "intent": "Disarm"
        },
        {
            "text": "This farm",
            "entities": [],
            "traits": [],
            "intent": "Disarm"
        },
        {
            "text": "This harm",
            "entities": [],
            "traits": [],
            "intent": "Disarm"
        },
        {
            "text": "This hour",
            "entities": [],
            "traits": [],
            "intent": "Disarm"
        },
        {
            "text": "Weave",
            "entities": [],
            "traits": [],
            "intent": "Dodge"
        },
        {
            "text": "attack",
            "entities": [],
            "traits": [],
            "intent": "Shoot"
        },
        {
            "text": "disarm",
            "entities": [],
            "traits": [],
            "intent": "Disarm"
        },
        {
            "text": "dodge",
            "entities": [],
            "traits": [],
            "intent": "Dodge"
        },
        {
            "text": "load",
            "entities": [],
            "traits": [],
            "intent": "Load"
        },
        {
            "text": "reaload",
            "entities": [],
            "traits": [],
            "intent": "Load"
        },
        {
            "text": "shield",
            "entities": [],
            "traits": [],
            "intent": "Shield"
        },
        {
            "text": "shoot",
            "entities": [],
            "traits": [],
            "intent": "Shoot"
        }
    ]
}
